fecha,precipitaciones,temperatura,humedad,consumo,evento
2020-07-01,0.0,35.9,26,876.75,
2020-07-02,0.0,33.4,24,892.62,
2020-07-03,0.0,34.3,23,844.82,
2020-07-04,0.0,36.4,32,846.41,
2020-07-05,0.0,38.1,32,886.27,
2020-07-06,0.0,39.0,23,908.22,
2020-07-07,,39.8,21,861.04,
2020-07-08,,34.9,27,854.43,
2020-07-09,0.0,35.3,20,907.0,
2020-07-10,0.0,35.7,31,865.85,
2020-07-11,0.0,38.5,32,839.47,
2020-07-12,0.0,36.7,29,923.06,
2020-07-13,0.0,35.6,44,858.51,
2020-07-14,5.0,34.7,52,907.38,
2020-07-15,0.0,33.8,48,855.24,
2020-07-16,0.0,35.9,36,859.54,
2020-07-17,0.0,37.3,36,850.0,
2020-07-18,0.0,38.1,34,883.77,
2020-07-19,0.0,37.9,28,902.32,
2020-07-20,0.0,38.3,20,883.54,
2020-07-21,,34.7,33,856.95,
2020-07-22,0.0,34.4,32,902.94,
2020-07-23,0.0,37.1,30,899.6,
2020-07-24,0.0,37.8,26,943.36,
2020-07-25,0.0,38.9,29,897.26,
2020-07-26,0.0,40.9,19,868.16,
2020-07-27,0.0,41.1,22,883.03,
2020-07-28,0.0,37.3,25,915.54,
2020-07-29,0.0,39.8,26,854.7,
2020-07-30,0.0,40.2,32,868.7,
2020-07-31,0.0,39.7,20,930.25,DÃ­a de la Pandorga
2020-08-01,0.0,38.8,15,901.09,
2020-08-02,0.0,37.4,21,916.94,
2020-08-03,0.0,33.6,28,810.77,
2020-08-04,0.0,34.9,37,851.01,
2020-08-05,0.0,36.9,40,914.96,
2020-08-06,0.0,39.1,33,839.86,
2020-08-07,0.0,39.5,27,844.85,
2020-08-08,0.0,39.1,26,910.57,
2020-08-09,0.0,39.6,26,871.5,
2020-08-10,0.9,34.0,36,876.16,
2020-08-11,27.5,31.3,65,867.91,
2020-08-12,0.0,29.8,59,754.37,
2020-08-13,0.0,31.8,46,864.23,
2020-08-14,0.0,33.5,36,869.28,
2020-08-15,0.0,30.6,29,866.25,Virgen del Prado
2020-08-16,0.0,28.7,32,728.31,Virgen del Prado
2020-08-17,0.0,29.5,44,794.65,Virgen del Prado
2020-08-18,0.0,32.4,40,842.71,Virgen del Prado
2020-08-19,0.0,35.3,36,876.19,Virgen del Prado
2020-08-20,0.0,36.1,23,913.93,Virgen del Prado
2020-08-21,0.0,34.7,36,888.71,Virgen del Prado
2020-08-22,0.0,34.4,38,872.9,Virgen del Prado
2020-08-23,0.0,35.4,24,935.28,
2020-08-24,0.0,35.2,34,872.16,
2020-08-25,0.0,36.9,25,902.5,
2020-08-26,0.0,37.6,24,904.99,
2020-08-27,0.0,38.0,21,849.66,
2020-08-28,0.0,32.4,37,906.05,
2020-08-29,0.0,25.1,34,727.72,
2020-08-30,0.0,24.9,35,717.09,
2020-08-31,0.0,27.6,28,797.22,
2020-09-01,0.0,29.5,25,727.62,
2020-09-02,0.0,31.0,39,787.99,
2020-09-03,0.0,31.8,40,862.56,
2020-09-04,0.0,31.6,37,821.4,
2020-09-05,0.0,33.1,40,755.06,
2020-09-06,0.0,32.9,41,760.29,
2020-09-07,0.0,29.3,30,694.05,
2020-09-08,0.0,27.8,47,684.5,
2020-09-09,0.0,29.2,42,709.62,
2020-09-10,0.0,31.4,31,771.29,
2020-09-11,0.0,32.5,34,771.86,
2020-09-12,0.0,33.5,34,804.71,
2020-09-13,0.0,33.8,35,816.1,
2020-09-14,1.0,32.1,39,821.37,
2020-09-15,0.0,29.8,54,695.47,
2020-09-16,1.7,32.1,43,860.85,
2020-09-17,0.0,28.0,61,723.43,
2020-09-18,28.2,21.4,71,724.8,
2020-09-19,0.0,22.3,65,650.4,
2020-09-20,0.0,23.1,66,672.4,
2020-09-21,0.0,25.1,52,694.51,
2020-09-22,0.0,26.7,53,677.07,
2020-09-23,0.0,25.6,53,716.74,
2020-09-24,0.0,23.6,69,700.16,
2020-09-25,0.0,21.6,49,667.56,
2020-09-26,0.0,22.5,41,638.03,
2020-09-27,0.0,23.6,50,672.13,
2020-09-28,0.0,24.4,38,668.26,
2020-09-29,0.0,27.2,33,699.06,
2020-09-30,0.0,27.7,36,675.77,
2020-10-01,0.0,24.5,52,643.19,
2020-10-02,4.4,16.2,76,772.71,
2020-10-03,0.0,17.5,57,678.45,
2020-10-04,0.0,17.2,65,685.59,
2020-10-05,0.0,19.5,53,687.32,
2020-10-06,0.0,25.3,53,704.06,Mancha CÃ³mic
2020-10-07,0.0,26.3,54,729.85,Mancha CÃ³mic
2020-10-08,0.0,28.0,46,733.72,Mancha CÃ³mic
2020-10-09,0.0,29.1,50,684.08,
2020-10-10,0.0,28.5,43,722.74,
2020-10-11,0.0,20.5,38,652.6,
2020-10-12,0.0,18.6,44,706.37,
2020-10-13,0.0,24.1,43,646.38,
2020-10-14,0.0,19.0,49,709.09,
2020-10-15,0.0,18.3,43,707.05,
2020-10-16,0.0,17.4,46,708.29,
2020-10-17,0.0,20.8,41,650.35,
2020-10-18,0.0,22.1,38,636.38,
2020-10-19,,27.7,39,704.08,
2020-10-20,4.8,26.0,33,699.53,
2020-10-21,4.2,18.5,72,775.57,
2020-10-22,1.8,16.2,91,809.05,
2020-10-23,1.6,15.5,79,777.19,
2020-10-24,0.0,18.5,71,742.01,
2020-10-25,3.8,18.1,73,786.92,
2020-10-26,0.0,14.2,66,707.21,
2020-10-27,0.0,15.9,68,683.73,
2020-10-28,0.0,18.4,79,753.21,
2020-10-29,0.0,19.8,76,775.9,
2020-10-30,0.0,22.1,67,663.55,
2020-10-31,0.0,23.1,60,667.29,Halloween
2020-11-01,0.0,22.5,62,665.36,
2020-11-02,0.0,23.5,57,662.95,
2020-11-03,12.2,21.5,75,735.69,
2020-11-04,20.4,15.8,87,739.63,
2020-11-05,0.8,15.2,89,799.63,
2020-11-06,9.2,20.5,74,692.15,
2020-11-07,1.0,16.9,77,772.44,
2020-11-08,0.4,17.9,76,745.02,
2020-11-09,2.4,15.4,88,754.13,
2020-11-10,0.0,14.6,90,746.7,
2020-11-11,0.0,15.7,86,713.17,
2020-11-12,0.0,14.6,90,779.58,
2020-11-13,0.4,16.2,82,712.21,
2020-11-14,1.2,15.3,94,761.56,
2020-11-15,0.0,20.1,83,685.29,DÃ­a de la EnseÃ±anza
2020-11-16,0.0,20.0,80,652.98,
2020-11-17,,15.9,92,749.6,
2020-11-18,0.1,20.0,83,700.56,
2020-11-19,0.0,20.1,74,705.58,
2020-11-20,0.0,18.1,55,704.16,
2020-11-21,0.0,15.1,61,688.27,
2020-11-22,0.0,11.0,89,718.8,
2020-11-23,0.0,13.9,74,749.14,
2020-11-24,0.0,15.7,65,694.97,
2020-11-25,7.0,15.6,75,788.54,
2020-11-26,4.2,11.2,96,732.54,
2020-11-27,4.4,10.6,95,762.44,
2020-11-28,0.0,11.5,85,730.62,
2020-11-29,0.6,13.1,88,728.63,
2020-11-30,0.2,11.3,94,781.56,
2020-12-01,0.0,10.0,98,850.89,
2020-12-02,0.0,13.3,75,823.57,
2020-12-03,2.6,11.8,62,856.64,
2020-12-04,1.8,8.1,88,1044.27,
2020-12-05,0.0,6.1,79,1035.6,
2020-12-06,0.8,7.9,78,975.76,
2020-12-07,2.6,10.7,84,884.49,
2020-12-08,2.0,11.0,72,850.07,
2020-12-09,0.1,10.7,75,892.37,
2020-12-10,1.2,14.1,91,888.97,
2020-12-11,0.1,14.4,95,885.56,
2020-12-12,0.0,15.3,77,840.63,
2020-12-13,0.0,12.2,91,840.8,
2020-12-14,1.4,15.2,89,895.23,
2020-12-15,0.0,13.7,76,868.07,
2020-12-16,1.0,14.4,78,882.27,
2020-12-17,0.4,14.6,79,815.13,
2020-12-18,0.0,11.4,94,876.95,
2020-12-19,8.8,9.3,97,1042.19,
2020-12-20,0.0,12.6,83,827.47,
2020-12-21,0.1,13.5,85,910.17,
2020-12-22,0.3,8.7,100,1000.0,
2020-12-23,0.0,14.4,83,801.06,
2020-12-24,0.4,13.3,88,830.72,
2020-12-25,0.0,9.2,65,926.16,Navidad
2020-12-26,0.0,7.5,63,963.01,
2020-12-27,1.8,10.2,64,821.68,
2020-12-28,0.6,10.8,71,878.77,
2020-12-29,,8.7,78,980.9,
2020-12-30,0.0,9.5,68,936.48,
2020-12-31,2.4,8.8,80,1074.28,AÃ±o Nuevo
2021-01-01,0.0,8.3,77,1010.33,AÃ±o Nuevo
2021-01-02,0.0,6.9,64,954.58,
2021-01-03,,8.0,61,940.45,
2021-01-04,,3.8,89,962.34,
2021-01-05,0.0,5.6,83,958.4,Cabalgata de Reyes Magos
2021-01-06,5.0,3.9,83,947.29,
2021-01-07,7.8,1.4,99,1054.14,
2021-01-08,26.6,1.6,100,1047.57,
2021-01-09,4.0,4.2,95,1009.67,
2021-01-10,0.0,5.5,87,935.33,
2021-01-11,0.0,5.0,73,994.2,
2021-01-12,0.0,7.4,68,950.12,
2021-01-13,0.0,9.9,69,928.38,
2021-01-14,0.0,11.8,65,760.99,
2021-01-15,0.0,9.7,74,939.08,
2021-01-16,0.0,12.5,65,792.93,San AntÃ³n
2021-01-17,0.0,14.4,60,809.12,San AntÃ³n
2021-01-18,0.0,11.5,70,831.09,
2021-01-19,,12.8,72,886.37,
2021-01-20,9.4,10.2,94,833.74,
2021-01-21,3.6,11.9,88,899.25,
2021-01-22,2.8,11.8,81,890.53,
2021-01-23,4.4,11.0,89,882.81,
2021-01-24,,12.1,78,826.74,
2021-01-25,2.0,13.6,94,885.46,
2021-01-26,0.6,15.1,95,893.34,
2021-01-27,0.2,18.5,86,922.85,
2021-01-28,0.0,18.1,86,872.94,
2021-01-29,0.2,20.4,72,829.17,
2021-01-30,0.6,13.8,74,875.91,
2021-01-31,0.6,12.2,91,906.61,
2021-02-01,0.0,13.5,82,863.16,
2021-02-02,0.0,14.2,80,862.4,
2021-02-03,0.0,16.3,72,852.63,
2021-02-04,0.0,16.1,77,843.64,
2021-02-05,3.0,17.3,76,884.04,
2021-02-06,1.0,10.5,88,902.26,
2021-02-07,4.4,11.1,83,911.89,
2021-02-08,2.2,11.2,87,897.3,
2021-02-09,7.6,11.9,89,857.71,
2021-02-10,0.8,14.7,73,886.99,
2021-02-11,0.6,16.2,86,877.63,
2021-02-12,0.0,15.5,72,823.57,
2021-02-13,0.0,16.6,65,805.91,
2021-02-14,0.0,16.4,69,811.5,
2021-02-15,0.0,16.2,74,835.08,
2021-02-16,0.0,18.4,64,799.03,
2021-02-17,0.0,20.5,60,731.11,
2021-02-18,0.0,19.1,52,801.27,
2021-02-19,0.0,21.1,53,773.16,
2021-02-20,0.0,20.6,49,721.3,
2021-02-21,6.4,12.3,83,894.36,
2021-02-22,0.0,13.1,66,799.5,
2021-02-23,0.0,15.4,70,772.06,
2021-02-24,0.0,19.0,65,826.04,
2021-02-25,0.0,15.5,72,809.4,
2021-02-26,0.0,18.2,71,852.92,
2021-02-27,0.0,17.3,65,837.45,
2021-02-28,1.6,15.8,67,816.51,
2021-03-01,0.0,15.2,75,780.27,Carnaval
2021-03-02,0.0,16.1,76,782.3,Carnaval
2021-03-03,0.0,15.8,79,775.01,Carnaval
2021-03-04,0.0,16.4,68,699.44,Carnaval
2021-03-05,0.0,15.5,71,747.16,Carnaval
2021-03-06,3.0,17.6,68,739.38,Carnaval
2021-03-07,5.6,12.8,89,770.68,Carnaval
2021-03-08,0.6,13.4,79,786.68,Carnaval
2021-03-09,0.0,12.9,76,738.81,Carnaval
2021-03-10,0.0,16.6,61,710.61,
2021-03-11,0.0,19.4,59,697.02,
2021-03-12,0.0,15.6,71,737.07,
2021-03-13,0.0,18.2,58,706.15,
2021-03-14,0.0,17.3,57,683.97,
2021-03-15,0.0,18.6,49,687.91,
2021-03-16,0.0,17.9,48,694.35,
2021-03-17,0.0,19.6,52,691.23,
2021-03-18,0.0,14.5,43,734.15,
2021-03-19,0.6,12.7,51,678.05,
2021-03-20,0.0,12.4,48,722.1,
2021-03-21,0.0,14.3,44,689.23,
2021-03-22,0.0,16.9,48,676.56,
2021-03-23,0.0,20.8,43,650.24,
2021-03-24,0.0,21.4,44,623.66,
2021-03-25,0.0,21.9,45,617.19,
2021-03-26,0.0,22.1,44,680.86,
2021-03-27,0.0,21.8,55,652.67,
2021-03-28,0.0,23.6,52,635.98,Semana Santa
2021-03-29,0.0,25.0,43,637.12,Semana Santa
2021-03-30,0.0,23.7,54,670.43,Semana Santa
2021-03-31,0.0,26.8,36,743.11,Semana Santa
2021-04-01,0.6,23.5,44,672.77,Semana Santa
2021-04-02,3.0,19.3,63,729.99,Semana Santa
2021-04-03,13.2,19.2,75,776.54,Semana Santa
2021-04-04,0.0,20.8,61,629.76,Semana Santa
2021-04-05,0.0,22.2,51,643.82,
2021-04-06,0.0,24.2,41,659.82,
2021-04-07,0.0,23.2,39,640.65,
2021-04-08,,19.9,63,711.51,
2021-04-09,0.0,19.6,58,717.63,
2021-04-10,7.6,19.8,72,780.64,
2021-04-11,0.6,19.0,72,776.15,
2021-04-12,0.0,18.8,61,670.47,
2021-04-13,,22.3,64,628.85,
2021-04-14,13.8,20.7,68,665.97,
2021-04-15,,15.4,73,746.1,
2021-04-16,0.0,19.4,60,758.05,
2021-04-17,0.0,18.1,40,714.03,
2021-04-18,0.0,19.3,37,736.42,
2021-04-19,0.0,21.5,49,646.79,
2021-04-20,0.0,20.0,53,653.46,
2021-04-21,6.2,17.6,63,757.22,
2021-04-22,0.8,19.3,78,773.99,
2021-04-23,0.0,21.1,65,646.07,
2021-04-24,2.8,18.0,81,797.63,
2021-04-25,11.2,13.9,91,774.46,
2021-04-26,,20.0,72,716.75,
2021-04-27,3.2,18.9,79,733.98,
2021-04-28,2.2,19.0,74,731.56,
2021-04-29,1.4,16.4,72,759.68,
2021-04-30,0.2,16.8,60,703.64,
2021-05-01,0.0,18.2,50,737.43,
2021-05-02,0.0,19.5,45,695.25,
2021-05-03,0.0,22.0,56,644.13,
2021-05-04,0.0,23.4,50,675.57,
2021-05-05,0.0,25.6,42,699.98,
2021-05-06,0.0,26.8,37,702.43,
2021-05-07,0.0,28.1,35,658.91,
2021-05-08,0.0,29.1,35,706.72,
2021-05-09,5.0,21.2,57,718.37,
2021-05-10,4.4,18.6,68,730.52,
2021-05-11,0.0,17.9,53,679.85,
2021-05-12,,19.7,56,712.75,
2021-05-13,0.0,22.6,55,634.03,
2021-05-14,0.0,24.1,48,641.86,
2021-05-15,0.0,27.6,41,698.05,
2021-05-16,0.0,27.0,52,697.47,
2021-05-17,0.0,28.1,43,656.5,
2021-05-18,0.0,28.9,34,688.71,
2021-05-19,0.0,29.3,32,660.48,
2021-05-20,0.0,30.9,39,781.83,
2021-05-21,0.0,30.5,26,858.31,
2021-05-22,0.2,26.2,28,763.54,
2021-05-23,0.6,20.5,57,679.95,
2021-05-24,0.0,24.3,40,654.83,
2021-05-25,0.0,29.1,32,692.3,
2021-05-26,0.0,29.3,42,725.13,
2021-05-27,0.0,27.9,42,665.13,
2021-05-28,0.0,28.6,40,713.79,
2021-05-29,0.0,31.8,37,813.1,
2021-05-30,0.0,33.8,31,828.84,
2021-05-31,0.0,32.0,34,822.08,
2021-06-01,0.0,26.9,43,772.54,
2021-06-02,0.0,30.1,33,879.48,
2021-06-03,0.0,31.5,26,917.72,Corpus Christi
2021-06-04,0.0,30.5,33,866.85,
2021-06-05,0.6,22.4,59,700.68,
2021-06-06,0.0,30.9,39,843.0,
2021-06-07,0.0,33.5,30,912.83,
2021-06-08,0.0,35.3,22,881.94,
2021-06-09,0.0,35.7,20,907.85,
2021-06-10,0.0,36.1,27,898.24,
2021-06-11,0.0,35.0,24,895.3,
2021-06-12,0.4,34.0,40,877.33,
2021-06-13,0.0,34.8,29,880.07,
2021-06-14,1.2,35.1,32,891.64,
2021-06-15,0.0,34.6,31,875.32,
2021-06-16,13.0,32.7,33,906.64,
2021-06-17,0.4,25.0,63,780.96,
2021-06-18,0.0,27.2,52,759.51,
2021-06-19,0.0,26.1,44,758.53,
2021-06-20,1.7,24.2,52,860.18,
2021-06-21,0.0,23.7,48,717.56,
2021-06-22,,26.6,48,757.82,
2021-06-23,0.0,28.1,39,773.18,
2021-06-24,0.0,32.0,40,848.94,
2021-06-25,0.0,34.6,36,912.54,
2021-06-26,0.0,34.0,30,868.26,
2021-06-27,0.0,32.5,24,905.96,
2021-06-28,0.0,30.0,26,828.0,
2021-06-29,0.0,32.3,22,859.31,
2021-06-30,0.0,35.2,23,905.64,
2021-07-01,0.0,35.6,19,918.12,
2021-07-02,0.0,35.6,17,922.76,
2021-07-03,0.0,33.5,24,900.87,
2021-07-04,0.0,33.0,33,864.29,
2021-07-05,0.0,35.3,33,848.55,
2021-07-06,,29.9,46,743.33,
2021-07-07,0.0,29.5,31,766.26,
2021-07-08,0.0,32.4,25,925.44,
2021-07-09,0.0,35.6,38,872.81,
2021-07-10,0.0,39.5,29,831.24,
2021-07-11,0.0,40.6,23,929.04,
2021-07-12,0.0,29.9,26,795.23,
2021-07-13,0.0,29.9,26,818.08,
2021-07-14,0.0,31.3,27,918.85,
2021-07-15,0.0,34.1,35,839.67,
2021-07-16,0.0,36.9,32,911.23,
2021-07-17,0.0,38.5,28,949.97,
2021-07-18,0.0,37.5,23,887.31,
2021-07-19,0.0,37.5,21,864.21,
2021-07-20,0.0,36.6,22,853.8,
2021-07-21,0.0,37.4,20,882.33,
2021-07-22,0.0,38.3,18,876.58,
2021-07-23,0.0,34.7,20,892.5,
2021-07-24,0.0,33.0,23,890.23,
2021-07-25,0.0,32.2,27,861.35,
2021-07-26,0.0,32.1,35,869.21,
2021-07-27,0.0,35.0,37,862.93,
2021-07-28,0.0,36.9,28,891.98,
2021-07-29,0.0,37.0,26,873.15,
2021-07-30,0.0,34.8,21,885.43,
2021-07-31,0.0,27.9,38,786.61,DÃ­a de la Pandorga
2021-08-01,0.0,29.0,33,750.17,
2021-08-02,0.0,31.3,25,897.97,
2021-08-03,0.0,33.4,35,894.39,
2021-08-04,0.0,33.3,28,872.94,
2021-08-05,0.0,35.4,22,876.97,
2021-08-06,0.0,34.9,23,853.15,
2021-08-07,0.0,30.3,36,866.96,
2021-08-08,0.0,33.1,29,872.75,
2021-08-09,0.0,34.3,42,873.8,
2021-08-10,0.0,35.9,43,885.28,
2021-08-11,1.4,38.5,38,928.38,
2021-08-12,0.0,38.8,32,860.9,
2021-08-13,0.0,42.6,21,878.48,
2021-08-14,0.0,42.5,18,877.46,
2021-08-15,0.0,41.4,15,886.97,Virgen del Prado
2021-08-16,0.0,38.7,12,842.05,Virgen del Prado
2021-08-17,0.0,34.7,45,917.56,Virgen del Prado
2021-08-18,0.0,35.0,34,876.08,Virgen del Prado
2021-08-19,0.0,34.7,27,881.76,Virgen del Prado
2021-08-20,0.0,34.6,27,902.62,Virgen del Prado
2021-08-21,0.0,35.5,22,874.82,Virgen del Prado
2021-08-22,,36.4,23,928.86,Virgen del Prado
2021-08-23,0.0,37.3,24,918.53,
2021-08-24,18.2,34.9,39,867.02,
2021-08-25,0.2,30.9,58,941.31,
2021-08-26,0.0,33.2,45,872.53,
2021-08-27,0.0,34.3,32,852.63,
2021-08-28,0.0,31.8,36,943.86,
2021-08-29,0.0,31.1,43,850.45,
2021-08-30,0.0,30.6,36,888.68,
2021-08-31,,32.2,43,786.53,
2021-09-01,12.6,30.7,68,819.67,
2021-09-02,,28.7,61,710.75,
2021-09-03,0.0,30.4,47,797.72,
2021-09-04,0.0,31.7,42,797.54,
2021-09-05,0.0,33.3,44,801.24,
2021-09-06,,33.6,36,766.04,
2021-09-07,0.0,34.0,35,766.52,
2021-09-08,0.0,27.0,48,719.72,
2021-09-09,0.0,26.0,55,674.63,
2021-09-10,0.0,28.8,50,685.03,
2021-09-11,0.0,30.4,41,770.35,
2021-09-12,,33.1,35,784.6,
2021-09-13,8.4,27.3,53,722.36,
2021-09-14,23.0,21.2,91,719.6,
2021-09-15,,24.4,72,685.98,
2021-09-16,6.6,26.4,66,717.89,
2021-09-17,0.0,28.1,57,735.68,
2021-09-18,0.0,27.3,48,700.47,
2021-09-19,0.0,25.5,42,727.04,
2021-09-20,0.0,26.9,44,693.94,
2021-09-21,0.0,22.3,45,632.9,
2021-09-22,1.4,22.2,75,730.65,
2021-09-23,6.0,27.2,72,759.25,
2021-09-24,0.2,24.3,76,740.2,
2021-09-25,0.0,24.1,58,628.11,
2021-09-26,0.0,25.6,57,680.54,
2021-09-27,0.0,26.5,56,708.72,
2021-09-28,0.0,27.7,49,702.95,
2021-09-29,0.0,26.9,51,706.05,
2021-09-30,0.0,26.7,54,710.85,
2021-10-01,0.0,27.0,46,700.75,
2021-10-02,0.0,28.3,45,701.85,
2021-10-03,1.6,19.9,73,747.2,
2021-10-04,0.0,20.3,49,669.68,
2021-10-05,0.0,24.1,57,645.46,
2021-10-06,0.0,25.0,59,675.66,Mancha CÃ³mic
2021-10-07,0.0,24.9,53,637.63,Mancha CÃ³mic
2021-10-08,0.0,27.0,42,694.99,Mancha CÃ³mic
2021-10-09,0.0,24.8,54,677.01,
2021-10-10,0.0,25.1,57,673.43,
2021-10-11,0.0,23.8,57,628.41,
2021-10-12,0.0,23.9,64,648.92,
2021-10-13,0.0,24.5,39,673.88,
2021-10-14,0.0,24.2,46,666.01,
2021-10-15,0.0,25.5,45,675.2,
2021-10-16,,25.2,45,711.21,
2021-10-17,0.0,25.2,51,702.53,
2021-10-18,0.0,24.8,61,643.0,
2021-10-19,0.0,25.3,60,683.02,
2021-10-20,0.0,26.3,55,719.02,
2021-10-21,0.0,23.2,49,658.34,
2021-10-22,0.0,20.5,65,640.95,
2021-10-23,0.0,20.1,60,637.2,
2021-10-24,0.0,21.5,50,624.79,
2021-10-25,0.0,21.6,50,646.56,
2021-10-26,0.0,20.6,52,654.24,
2021-10-27,0.0,20.2,65,672.91,
2021-10-28,0.0,21.5,52,634.59,
2021-10-29,9.8,17.9,75,728.79,
2021-10-30,43.2,18.1,92,750.46,
2021-10-31,1.8,20.9,87,714.54,Halloween
2021-11-01,0.0,19.1,80,737.31,
2021-11-02,2.4,13.9,75,753.25,
2021-11-03,0.0,13.8,68,706.62,
2021-11-04,2.2,14.0,75,750.1,
2021-11-05,0.0,12.3,65,696.44,
2021-11-06,0.0,12.3,60,697.25,
2021-11-07,0.0,12.8,56,743.33,
2021-11-08,0.0,16.8,55,706.96,
2021-11-09,0.0,16.1,63,665.17,
2021-11-10,0.0,15.9,64,687.26,
2021-11-11,0.0,16.6,63,696.68,
2021-11-12,0.0,16.1,69,684.44,
2021-11-13,0.0,18.4,68,665.2,
2021-11-14,0.0,18.0,64,695.75,
2021-11-15,0.0,15.2,61,710.84,DÃ­a de la EnseÃ±anza
2021-11-16,0.0,14.0,65,749.48,
2021-11-17,0.0,13.8,66,712.47,
2021-11-18,0.0,15.6,73,730.76,
2021-11-19,0.0,17.2,68,710.19,
2021-11-20,5.2,13.6,86,790.11,
2021-11-21,4.6,13.7,89,753.42,
2021-11-22,0.4,14.0,82,791.19,
2021-11-23,0.2,9.2,74,959.14,
2021-11-24,1.0,8.3,82,964.45,
2021-11-25,0.0,7.5,88,897.15,
2021-11-26,0.0,11.3,64,726.65,
2021-11-27,1.8,10.5,79,764.61,
2021-11-28,0.0,9.1,62,891.9,
2021-11-29,0.0,13.8,71,771.03,
2021-11-30,0.0,12.6,74,754.56,
2021-12-01,2.2,11.8,74,920.14,
2021-12-02,0.0,10.9,64,793.62,
2021-12-03,0.0,12.6,57,785.82,
2021-12-04,,10.4,82,824.25,
2021-12-05,0.0,11.5,65,791.64,
2021-12-06,0.0,13.2,71,845.18,
2021-12-07,1.6,11.9,85,844.76,
2021-12-08,,10.5,72,824.6,
2021-12-09,0.0,11.9,80,838.23,
2021-12-10,0.0,12.0,85,842.75,
2021-12-11,0.0,16.6,76,765.41,
2021-12-12,0.0,14.3,80,839.8,
2021-12-13,0.0,6.9,95,991.66,
2021-12-14,0.0,9.7,96,1038.73,
2021-12-15,0.0,14.8,69,827.03,
2021-12-16,0.0,14.0,69,784.04,
2021-12-17,0.0,12.0,78,833.36,
2021-12-18,0.0,11.7,77,830.54,
2021-12-19,0.0,13.1,79,853.16,
2021-12-20,0.0,12.4,82,789.46,
2021-12-21,2.2,15.1,88,898.77,
2021-12-22,0.0,15.9,80,856.61,
2021-12-23,7.0,14.0,91,836.06,
2021-12-24,1.4,13.8,84,847.02,
2021-12-25,3.8,13.4,91,848.21,Navidad
2021-12-26,1.2,13.6,89,919.51,
2021-12-27,0.6,16.8,78,880.98,
2021-12-28,0.0,14.9,78,796.75,
2021-12-29,0.0,14.2,82,806.94,
2021-12-30,0.0,9.9,96,993.34,
2021-12-31,0.0,15.7,84,834.56,AÃ±o Nuevo
2022-01-01,0.0,15.2,80,846.52,AÃ±o Nuevo
2022-01-02,0.0,15.9,82,816.58,
2022-01-03,0.0,18.6,75,832.49,
2022-01-04,2.6,17.0,77,804.97,
2022-01-05,7.8,8.7,83,1013.71,Cabalgata de Reyes Magos
2022-01-06,0.0,10.9,74,874.52,
2022-01-07,0.0,11.1,74,869.22,
2022-01-08,0.0,10.3,72,799.45,
2022-01-09,0.0,10.9,81,839.66,
2022-01-10,0.0,12.8,89,848.12,
2022-01-11,0.0,14.6,74,876.27,
2022-01-12,0.0,11.5,69,812.89,
2022-01-13,0.0,11.0,73,841.89,
2022-01-14,0.0,8.6,80,944.7,
2022-01-15,0.0,10.3,72,874.68,
2022-01-16,0.0,10.4,70,810.9,San AntÃ³n
2022-01-17,0.0,10.2,69,752.93,San AntÃ³n
2022-01-18,0.0,10.6,65,839.45,
2022-01-19,0.0,10.4,59,816.65,
2022-01-20,0.0,13.2,61,827.36,
2022-01-21,0.0,9.9,63,956.98,
2022-01-22,0.0,9.6,79,951.51,
2022-01-23,0.0,10.4,80,820.87,
2022-01-24,0.0,10.9,72,836.46,
2022-01-25,0.0,11.6,69,821.77,
2022-01-26,0.0,12.4,78,815.83,
2022-01-27,0.0,14.2,66,860.19,
2022-01-28,0.0,14.4,48,828.07,
2022-01-29,0.0,15.3,37,788.95,
2022-01-30,0.0,14.9,39,819.87,
2022-01-31,0.0,17.2,43,804.61,
2022-02-01,0.0,14.0,51,810.02,
2022-02-02,0.0,18.7,60,851.13,
2022-02-03,0.0,20.0,54,729.97,
2022-02-04,0.0,15.9,51,825.36,
2022-02-05,0.0,14.8,68,857.04,
2022-02-06,0.0,15.7,66,751.33,
2022-02-07,0.0,17.7,51,780.96,
2022-02-08,0.0,16.9,48,752.01,
2022-02-09,0.0,15.0,65,807.77,
2022-02-10,0.0,16.0,61,803.58,
2022-02-11,0.0,17.5,55,785.95,
2022-02-12,0.0,18.1,54,794.88,
2022-02-13,2.4,15.5,68,835.63,
2022-02-14,0.2,14.0,60,809.39,
2022-02-15,0.0,14.9,54,780.18,
2022-02-16,0.0,16.6,58,748.19,
2022-02-17,0.0,18.0,66,767.06,
2022-02-18,0.0,21.0,62,694.24,
2022-02-19,0.0,15.3,74,824.18,
2022-02-20,0.0,15.0,50,819.18,
2022-02-21,0.0,17.1,48,790.07,
2022-02-22,0.0,19.3,35,819.88,
2022-02-23,0.0,19.5,38,779.14,
2022-02-24,0.6,15.8,52,817.4,
2022-02-25,3.0,12.0,84,880.47,
2022-02-26,0.8,12.0,88,908.02,
2022-02-27,0.2,14.1,75,882.44,
2022-02-28,0.0,17.4,66,803.65,
2022-03-01,0.0,19.1,56,671.2,Carnaval
2022-03-02,0.0,16.3,58,692.03,Carnaval
2022-03-03,7.4,16.4,75,810.06,Carnaval
2022-03-04,0.0,11.2,63,709.64,Carnaval
2022-03-05,0.0,12.0,69,682.37,Carnaval
2022-03-06,0.6,12.6,74,772.46,Carnaval
2022-03-07,0.2,14.0,66,713.85,Carnaval
2022-03-08,0.0,13.5,59,749.12,Carnaval
2022-03-09,0.0,17.0,58,681.99,Carnaval
2022-03-10,0.0,18.1,60,708.17,
2022-03-11,5.6,12.3,84,774.26,
2022-03-12,4.2,15.2,64,721.68,
2022-03-13,4.8,14.9,68,716.32,
2022-03-14,3.6,11.7,87,784.43,
2022-03-15,0.0,15.2,77,757.78,
2022-03-16,2.4,11.6,84,722.01,
2022-03-17,0.4,13.9,71,767.78,
2022-03-18,0.0,14.0,76,739.31,
2022-03-19,0.0,13.9,75,723.99,
2022-03-20,1.8,18.4,65,705.04,
2022-03-21,1.6,16.1,78,777.77,
2022-03-22,13.6,15.9,86,787.72,
2022-03-23,10.6,10.2,87,762.53,
2022-03-24,0.6,13.5,85,757.11,
2022-03-25,0.4,12.5,85,760.77,
2022-03-26,0.0,12.7,82,741.67,
2022-03-27,0.0,17.1,70,703.89,
2022-03-28,0.2,19.2,65,720.0,
2022-03-29,7.0,14.6,87,745.61,
2022-03-30,8.6,13.9,87,791.09,
2022-03-31,0.2,15.2,65,780.56,
2022-04-01,0.0,12.5,55,702.71,
2022-04-02,0.0,12.0,46,709.58,
2022-04-03,0.0,12.4,43,667.34,
2022-04-04,6.2,8.6,66,861.25,
2022-04-05,9.8,4.8,93,961.72,
2022-04-06,0.0,15.1,66,689.15,
2022-04-07,0.0,17.9,61,664.91,
2022-04-08,0.0,17.5,64,663.35,
2022-04-09,0.0,18.5,70,675.2,
2022-04-10,0.0,25.0,58,672.52,Semana Santa
2022-04-11,0.8,24.1,58,723.31,Semana Santa
2022-04-12,0.0,17.0,74,745.58,Semana Santa
2022-04-13,0.0,19.5,59,721.31,Semana Santa
2022-04-14,0.0,21.0,55,648.65,Semana Santa
2022-04-15,0.0,23.1,44,646.13,Semana Santa
2022-04-16,0.0,27.5,44,698.82,Semana Santa
2022-04-17,0.0,26.9,47,652.04,Semana Santa
2022-04-18,0.0,26.5,48,687.66,
2022-04-19,6.6,19.7,57,738.04,
2022-04-20,1.8,10.7,75,752.14,
2022-04-21,0.0,17.5,47,661.66,
2022-04-22,31.4,13.0,81,777.51,
2022-04-23,0.6,14.7,65,695.92,
2022-04-24,0.0,18.3,56,706.62,
2022-04-25,0.0,22.1,50,645.62,
2022-04-26,0.0,22.5,57,675.98,
2022-04-27,5.0,18.9,62,737.74,
2022-04-28,3.8,17.2,74,792.76,
2022-04-29,0.0,22.3,56,618.63,
2022-04-30,0.0,24.5,51,651.98,
2022-05-01,0.0,26.2,43,721.4,
2022-05-02,0.0,21.0,52,647.31,
2022-05-03,0.6,21.0,69,666.77,
2022-05-04,0.2,20.7,65,685.5,
2022-05-05,0.0,24.0,52,651.68,
2022-05-06,0.0,25.3,39,738.95,
2022-05-07,0.0,25.7,36,684.21,
2022-05-08,0.0,28.0,37,729.21,
2022-05-09,0.0,29.3,39,692.84,
2022-05-10,0.0,30.1,38,812.68,
2022-05-11,0.0,30.7,37,812.36,
2022-05-12,0.0,29.4,37,687.69,
2022-05-13,0.0,31.3,36,778.1,
2022-05-14,0.0,31.6,35,821.98,
2022-05-15,0.0,27.0,44,696.06,
2022-05-16,0.0,28.3,37,709.11,
2022-05-17,0.0,30.5,37,783.53,
2022-05-18,0.0,34.3,31,797.53,
2022-05-19,0.0,36.2,29,781.44,
2022-05-20,0.0,36.2,33,785.6,
2022-05-21,0.0,36.8,33,805.94,
2022-05-22,0.0,28.9,44,688.5,
2022-05-23,0.0,28.4,44,705.33,
2022-05-24,0.0,24.3,40,650.69,
2022-05-25,0.0,24.3,33,668.45,
2022-05-26,0.0,26.4,34,683.43,
2022-05-27,0.0,31.8,29,880.11,
2022-05-28,0.0,33.0,25,881.58,
2022-05-29,0.0,30.9,23,786.42,
2022-05-30,0.0,25.4,49,698.41,
2022-05-31,0.0,31.3,30,750.9,
2022-06-01,0.0,30.1,32,834.36,
2022-06-02,0.0,28.8,38,754.2,
2022-06-03,0.0,28.0,40,745.3,
2022-06-04,0.0,27.3,38,811.88,
2022-06-05,0.0,30.7,32,879.18,
2022-06-06,0.0,32.6,25,917.62,
2022-06-07,0.0,33.4,26,880.37,
2022-06-08,0.0,30.5,36,864.14,
2022-06-09,0.0,34.6,33,831.57,
2022-06-10,0.0,36.3,33,909.11,
2022-06-11,0.0,38.4,29,915.51,
2022-06-12,0.0,39.4,21,861.08,
2022-06-13,0.0,39.4,19,884.14,
2022-06-14,0.0,39.5,20,875.52,
2022-06-15,0.2,38.1,24,947.21,
2022-06-16,0.0,39.7,31,869.31,Corpus Christi
2022-06-17,0.0,40.3,31,865.95,
2022-06-18,0.0,39.0,24,914.49,
2022-06-19,0.0,31.1,31,839.65,
2022-06-20,0.0,29.2,41,772.96,
2022-06-21,0.0,29.2,28,762.66,
2022-06-22,0.0,24.6,42,701.21,
2022-06-23,0.0,26.1,49,732.5,
2022-06-24,0.0,27.7,40,767.56,
2022-06-25,0.0,28.6,35,768.06,
2022-06-26,0.0,28.6,29,843.83,
2022-06-27,0.0,29.2,24,765.92,
2022-06-28,0.0,33.3,33,858.76,
2022-06-29,0.0,32.8,20,864.0,
2022-06-30,0.0,31.0,24,906.94,
2022-07-01,0.0,35.7,31,886.58,
2022-07-02,0.0,36.4,36,867.52,
2022-07-03,0.0,35.4,37,870.27,
2022-07-04,0.0,35.4,23,890.26,
2022-07-05,0.0,36.5,22,917.19,
2022-07-06,0.0,33.6,22,843.56,
2022-07-07,0.0,34.0,35,875.94,
2022-07-08,0.0,35.7,27,892.01,
2022-07-09,0.0,37.3,28,875.97,
2022-07-10,0.0,38.5,24,920.79,
2022-07-11,0.0,38.1,22,940.28,
2022-07-12,0.0,38.6,22,896.99,
2022-07-13,0.0,40.2,20,908.99,
2022-07-14,0.0,40.7,19,893.69,
2022-07-15,0.0,39.2,25,911.55,
2022-07-16,0.0,39.2,20,894.95,
2022-07-17,0.0,39.8,17,929.06,
2022-07-18,0.0,39.8,23,893.06,
2022-07-19,0.0,35.3,22,836.13,
2022-07-20,0.0,37.2,20,909.83,
2022-07-21,0.0,38.7,27,833.58,
2022-07-22,0.0,39.0,21,855.65,
2022-07-23,0.0,39.7,17,877.51,
2022-07-24,0.0,40.0,13,887.24,
2022-07-25,0.0,38.8,13,851.09,
2022-07-26,0.0,37.4,18,856.87,
2022-07-27,0.0,36.1,26,898.61,
2022-07-28,0.0,36.1,23,827.81,
2022-07-29,0.0,37.6,25,872.32,
2022-07-30,0.0,38.5,37,889.77,
2022-07-31,0.0,38.2,37,907.56,DÃ­a de la Pandorga
2022-08-01,0.0,39.2,34,855.36,
2022-08-02,0.0,39.5,47,878.06,
2022-08-03,0.0,38.1,29,871.0,
2022-08-04,0.0,37.7,24,841.51,
2022-08-05,0.0,37.3,25,909.85,
2022-08-06,0.0,36.5,24,880.94,
2022-08-07,0.0,35.7,26,871.83,
2022-08-08,0.0,36.2,25,935.1,
2022-08-09,0.0,38.2,23,938.25,
2022-08-10,0.0,37.5,29,876.26,
2022-08-11,0.0,36.7,34,870.13,
2022-08-12,0.0,37.9,29,905.1,
2022-08-13,12.0,29.2,67,780.53,
2022-08-14,0.0,32.5,45,922.05,
2022-08-15,0.0,30.8,30,859.65,Virgen del Prado
2022-08-16,0.0,30.3,32,841.2,Virgen del Prado
2022-08-17,0.0,29.4,34,787.45,Virgen del Prado
2022-08-18,0.0,29.3,36,779.12,Virgen del Prado
2022-08-19,0.0,32.0,28,850.86,Virgen del Prado
2022-08-20,0.0,35.4,35,838.82,Virgen del Prado
2022-08-21,0.0,37.1,23,892.41,Virgen del Prado
2022-08-22,0.0,36.0,25,897.03,Virgen del Prado
2022-08-23,0.0,36.9,33,903.26,
2022-08-24,0.0,35.9,26,934.59,
2022-08-25,0.0,34.4,34,861.57,
2022-08-26,0.0,34.3,37,853.49,
2022-08-27,0.0,33.2,37,886.22,
2022-08-28,0.0,35.3,38,912.5,
2022-08-29,0.0,34.6,37,816.06,
2022-08-30,0.0,35.5,40,837.66,
2022-08-31,0.0,33.0,29,912.91,
2022-09-01,0.0,30.2,27,849.08,
2022-09-02,0.0,30.0,32,717.83,
2022-09-03,0.0,29.1,38,740.65,
2022-09-04,0.0,30.2,27,830.62,
2022-09-05,0.0,29.5,32,714.85,
2022-09-06,0.0,29.6,39,732.42,
2022-09-07,0.0,28.1,33,698.45,
2022-09-08,0.0,29.6,41,688.78,
2022-09-09,0.0,31.5,45,811.85,
2022-09-10,0.0,34.7,34,761.18,
2022-09-11,0.0,35.8,29,839.43,
2022-09-12,0.8,32.4,37,849.9,
2022-09-13,1.6,26.5,58,707.6,
2022-09-14,0.0,26.3,51,682.43,
2022-09-15,0.4,24.8,60,690.38,
2022-09-16,0.0,28.2,52,666.29,
2022-09-17,0.0,30.4,42,783.65,
2022-09-18,0.0,31.0,52,793.44,
2022-09-19,0.0,29.6,52,710.06,
2022-09-20,0.0,29.7,46,680.87,
2022-09-21,0.0,26.1,53,717.36,
2022-09-22,0.0,30.3,48,817.4,
2022-09-23,0.0,29.7,35,736.22,
2022-09-24,0.0,27.9,34,726.77,
2022-09-25,0.0,24.2,44,610.9,
2022-09-26,0.2,24.4,53,681.54,
2022-09-27,0.0,25.1,44,684.13,
2022-09-28,0.0,26.1,41,699.83,
2022-09-29,2.8,20.7,64,664.39,
2022-09-30,0.0,20.2,50,629.49,
2022-10-01,0.0,23.5,43,636.39,
2022-10-02,0.0,28.0,35,676.32,
2022-10-03,0.0,29.8,37,659.39,
2022-10-04,0.0,29.4,36,711.85,
2022-10-05,0.0,28.2,53,709.4,
2022-10-06,0.0,26.4,57,697.59,Mancha CÃ³mic
2022-10-07,0.0,24.5,60,605.96,Mancha CÃ³mic
2022-10-08,0.0,25.4,58,702.1,Mancha CÃ³mic
2022-10-09,0.0,26.6,61,680.54,
2022-10-10,11.4,25.3,64,732.77,
2022-10-11,0.0,24.0,66,622.67,
2022-10-12,0.0,23.3,64,649.37,
2022-10-13,0.0,24.7,57,647.3,
2022-10-14,0.0,27.1,46,675.6,
2022-10-15,0.0,28.6,43,727.31,
2022-10-16,0.8,26.6,45,681.62,
2022-10-17,0.0,29.1,48,708.36,
2022-10-18,0.0,31.3,48,802.57,
2022-10-19,0.8,25.6,39,723.95,
2022-10-20,1.4,22.5,55,655.3,
2022-10-21,9.0,19.1,80,772.78,
2022-10-22,0.0,25.2,59,734.66,
2022-10-23,0.8,22.8,60,687.3,
2022-10-24,0.2,22.3,69,696.03,
2022-10-25,0.0,26.5,51,719.54,
2022-10-26,0.0,27.8,44,673.18,
2022-10-27,0.0,30.2,34,823.54,
2022-10-28,0.0,28.8,40,675.99,
2022-10-29,0.0,26.9,41,726.41,
2022-10-30,0.0,23.2,56,666.83,
2022-10-31,0.0,21.2,65,609.89,Halloween
2022-11-01,0.0,22.2,63,658.43,
2022-11-02,0.0,22.5,63,616.61,
2022-11-03,0.4,19.4,63,695.04,
2022-11-04,0.0,19.4,56,707.58,
2022-11-05,0.0,18.3,47,709.01,
2022-11-06,0.0,21.5,38,646.61,
2022-11-07,0.0,21.5,39,652.1,
2022-11-08,0.0,19.9,64,713.37,
2022-11-09,0.6,17.7,77,771.9,
2022-11-10,0.0,16.9,76,716.53,
2022-11-11,0.0,18.0,71,725.36,
2022-11-12,0.0,24.1,55,635.15,
2022-11-13,0.0,21.8,65,652.07,
2022-11-14,0.0,19.5,66,676.51,
2022-11-15,2.4,18.5,69,768.31,DÃ­a de la EnseÃ±anza
2022-11-16,1.6,14.7,86,770.77,
2022-11-17,6.4,17.2,88,817.35,
2022-11-18,0.8,14.1,73,728.9,
2022-11-19,0.0,13.1,63,730.37,
2022-11-20,0.0,11.6,85,744.13,
2022-11-21,5.8,14.3,85,778.79,
2022-11-22,1.2,12.9,86,799.67,
2022-11-23,2.2,15.7,91,735.9,
2022-11-24,0.0,16.9,83,733.45,
2022-11-25,0.0,17.8,66,694.07,
2022-11-26,0.0,14.9,70,700.49,
2022-11-27,0.0,18.8,63,711.96,
2022-11-28,0.0,14.7,58,685.25,
2022-11-29,0.0,13.8,66,718.9,
2022-11-30,0.0,13.4,71,763.79,
2022-12-01,0.0,14.7,66,835.94,
2022-12-02,0.0,12.3,80,823.01,
2022-12-03,2.6,13.8,71,868.47,
2022-12-04,0.0,14.3,74,805.29,
2022-12-05,4.6,11.1,94,886.4,
2022-12-06,0.0,14.5,87,870.25,
2022-12-07,4.6,14.8,79,880.25,
2022-12-08,11.4,13.2,94,884.24,
2022-12-09,6.0,13.9,88,846.71,
2022-12-10,16.8,13.3,83,883.71,
2022-12-11,15.8,15.4,95,895.05,
2022-12-12,14.4,17.1,86,841.18,
2022-12-13,12.4,18.7,93,869.13,
2022-12-14,2.8,17.2,87,883.1,
2022-12-15,0.4,13.2,87,823.21,
2022-12-16,9.2,12.1,94,868.88,
2022-12-17,0.6,11.6,92,847.07,
2022-12-18,0.0,10.3,98,849.36,
2022-12-19,0.0,10.2,97,828.61,
2022-12-20,4.0,15.5,77,897.17,
2022-12-21,0.0,14.5,87,871.36,
2022-12-22,0.0,13.9,86,898.77,
2022-12-23,0.0,15.8,82,818.13,
2022-12-24,0.2,13.5,95,861.0,
2022-12-25,0.0,19.0,70,818.08,Navidad
2022-12-26,0.0,18.0,75,899.02,
2022-12-27,0.0,16.6,79,822.19,
2022-12-28,0.0,16.2,73,829.05,
2022-12-29,0.0,13.3,83,858.36,
2022-12-30,0.0,15.6,61,791.88,
2022-12-31,0.0,16.7,70,796.12,AÃ±o Nuevo
2023-01-01,0.6,17.1,55,841.65,AÃ±o Nuevo
2023-01-02,2.4,12.1,91,849.85,
2023-01-03,0.0,13.5,90,868.85,
2023-01-04,0.0,7.2,97,980.68,
2023-01-05,0.0,6.0,98,946.21,Cabalgata de Reyes Magos
2023-01-06,0.0,11.8,91,860.41,
2023-01-07,2.8,13.3,81,843.68,
2023-01-08,4.0,14.6,91,868.74,
2023-01-09,0.0,15.9,79,838.01,
2023-01-10,0.2,14.6,79,871.32,
2023-01-11,0.8,12.1,94,861.96,
2023-01-12,0.2,11.9,86,831.15,
2023-01-13,0.0,9.5,93,980.29,
2023-01-14,0.0,11.2,92,842.58,
2023-01-15,0.0,10.8,92,849.56,
2023-01-16,2.0,10.5,86,880.86,San AntÃ³n
2023-01-17,6.8,11.8,79,870.13,San AntÃ³n
2023-01-18,0.0,8.5,68,980.97,
2023-01-19,0.0,9.1,72,1001.09,
2023-01-20,0.0,15.6,80,863.65,
2023-01-21,0.0,12.0,78,809.32,
2023-01-22,0.0,8.5,42,977.49,
2023-01-23,0.0,8.6,57,979.72,
2023-01-24,0.0,6.9,67,972.05,
2023-01-25,0.0,8.9,66,923.39,
2023-01-26,0.0,9.0,61,940.88,
2023-01-27,0.0,10.3,54,787.87,
2023-01-28,0.0,8.9,54,967.2,
2023-01-29,0.0,7.4,61,984.06,
2023-01-30,0.0,9.7,67,889.68,
2023-01-31,0.0,13.3,55,827.82,
2023-02-01,0.0,13.7,56,796.9,
2023-02-02,0.0,13.6,60,777.16,
2023-02-03,0.0,15.9,53,843.18,
2023-02-04,0.0,18.0,45,813.25,
2023-02-05,0.0,16.9,46,773.13,
2023-02-06,0.0,11.9,63,819.52,
2023-02-07,0.6,7.8,84,1077.38,
2023-02-08,0.0,12.3,74,822.36,
2023-02-09,0.0,12.5,69,791.65,
2023-02-10,0.0,11.3,60,769.12,
2023-02-11,0.0,12.0,67,826.17,
2023-02-12,0.0,14.5,64,797.4,
2023-02-13,0.0,14.1,68,791.27,
2023-02-14,0.0,15.2,69,823.01,
2023-02-15,0.0,14.4,68,797.69,
2023-02-16,0.0,16.1,63,770.23,
2023-02-17,0.0,17.0,54,809.39,
2023-02-18,0.0,18.0,56,795.95,
2023-02-19,0.0,19.5,54,819.08,
2023-02-20,0.0,21.7,44,746.57,
2023-02-21,0.0,20.1,50,735.89,
2023-02-22,0.0,18.6,58,788.19,
2023-02-23,0.0,12.2,63,766.93,
2023-02-24,0.0,11.7,49,754.82,
2023-02-25,0.0,10.2,65,829.55,
2023-02-26,0.0,12.9,60,788.91,
2023-02-27,0.0,9.6,41,960.49,
2023-02-28,0.0,12.2,40,790.58,
2023-03-01,0.0,9.4,44,823.73,Carnaval
2023-03-02,0.0,13.0,38,710.72,Carnaval
2023-03-03,0.0,15.6,41,719.42,Carnaval
2023-03-04,0.0,16.7,39,733.84,Carnaval
2023-03-05,1.0,13.5,55,775.07,Carnaval
2023-03-06,1.0,15.0,69,763.42,Carnaval
2023-03-07,0.4,16.4,62,749.1,Carnaval
2023-03-08,0.0,18.1,80,744.42,Carnaval
2023-03-09,0.6,19.1,70,710.83,Carnaval
2023-03-10,0.0,19.6,63,690.31,
2023-03-11,0.0,20.4,71,668.91,
2023-03-12,0.0,24.6,60,683.66,
2023-03-13,0.0,23.1,57,667.41,
2023-03-14,0.0,20.0,48,662.85,
2023-03-15,0.0,23.8,39,670.73,
2023-03-16,0.0,26.5,32,684.25,
2023-03-17,0.0,18.6,51,658.57,
2023-03-18,0.0,16.7,60,640.34,
2023-03-19,0.0,20.2,45,643.11,
2023-03-20,0.0,22.3,36,662.24,
2023-03-21,0.0,23.6,39,677.73,
2023-03-22,0.0,24.7,39,668.06,
2023-03-23,0.0,25.5,37,682.56,
2023-03-24,0.0,19.7,58,764.77,
2023-03-25,0.0,24.0,54,662.38,
2023-03-26,0.0,23.0,49,626.07,
2023-03-27,0.0,22.6,31,668.07,
2023-03-28,0.0,26.1,25,723.23,
2023-03-29,0.0,29.5,38,699.56,
2023-03-30,0.0,25.7,34,713.92,
2023-03-31,0.0,21.0,59,680.57,
2023-04-01,0.0,22.3,49,672.93,
2023-04-02,0.0,21.2,31,618.26,Semana Santa
2023-04-03,0.0,21.6,28,648.39,Semana Santa
2023-04-04,0.0,23.1,27,658.76,Semana Santa
2023-04-05,0.0,23.7,26,651.04,Semana Santa
2023-04-06,0.0,25.4,32,684.01,Semana Santa
2023-04-07,0.0,26.7,25,678.08,Semana Santa
2023-04-08,0.0,28.3,22,730.98,Semana Santa
2023-04-09,0.0,29.2,34,695.0,Semana Santa
2023-04-10,0.0,28.2,23,731.42,
2023-04-11,0.0,28.6,25,730.11,
2023-04-12,0.0,22.0,47,656.54,
2023-04-13,0.0,20.9,43,593.11,
2023-04-14,0.0,23.1,39,629.76,
2023-04-15,0.0,26.1,42,707.07,
2023-04-16,0.0,25.4,28,725.42,
2023-04-17,0.0,26.5,21,735.73,
2023-04-18,0.0,26.6,32,705.33,
2023-04-19,0.0,26.9,37,706.68,
2023-04-20,0.0,28.5,32,681.24,
2023-04-21,0.0,27.6,35,680.11,
2023-04-22,1.8,21.9,46,704.03,
2023-04-23,0.0,26.8,38,663.82,
2023-04-24,0.0,28.6,38,678.3,
2023-04-25,0.0,30.5,28,818.47,
2023-04-26,0.0,32.4,26,809.74,
2023-04-27,0.0,35.1,24,828.25,
2023-04-28,0.0,34.4,25,791.87,
2023-04-29,0.0,26.9,34,715.83,
2023-04-30,0.0,27.9,39,709.44,
2023-05-01,0.0,29.2,30,705.88,
2023-05-02,0.0,30.8,22,806.38,
2023-05-03,0.0,32.3,26,837.46,
2023-05-04,0.0,26.8,37,704.56,
2023-05-05,0.0,30.3,28,791.49,
2023-05-06,0.0,29.4,25,703.9,
2023-05-07,0.0,29.6,34,694.58,
2023-05-08,0.0,31.1,34,779.38,
2023-05-09,0.0,31.6,30,821.4,
2023-05-10,0.0,30.4,29,822.63,
2023-05-11,0.0,26.7,33,693.32,
2023-05-12,0.0,23.4,32,645.55,
2023-05-13,0.0,23.1,33,632.37,
2023-05-14,0.0,23.5,34,658.52,
2023-05-15,0.0,25.3,30,724.39,
2023-05-16,0.0,25.1,28,708.29,
2023-05-17,0.0,25.0,27,656.12,
2023-05-18,0.0,25.5,36,708.22,
2023-05-19,0.0,23.2,32,631.74,
2023-05-20,0.0,23.4,30,637.83,
2023-05-21,0.0,24.8,39,626.69,
2023-05-22,4.2,20.0,63,674.4,
2023-05-23,2.0,18.6,71,757.19,
2023-05-24,0.0,24.3,65,639.86,
2023-05-25,28.4,27.3,57,696.96,
2023-05-26,0.8,24.2,72,695.68,
2023-05-27,8.4,18.1,90,805.9,
2023-05-28,0.8,21.6,77,690.24,
2023-05-29,0.0,22.5,61,623.47,
2023-05-30,0.0,24.2,56,666.06,
2023-05-31,0.8,24.2,53,706.95,
2023-06-01,0.0,25.9,55,750.64,
2023-06-02,0.0,26.2,61,777.13,
2023-06-03,0.0,27.0,55,783.59,
2023-06-04,0.0,28.3,51,785.58,
2023-06-05,4.6,31.1,54,887.31,
2023-06-06,3.6,30.9,52,918.25,
2023-06-07,11.8,23.7,81,748.09,
2023-06-08,19.4,18.6,95,850.21,Corpus Christi
2023-06-09,0.4,25.4,68,776.73,
2023-06-10,0.0,28.9,51,780.89,
2023-06-11,0.0,30.1,44,857.59,
2023-06-12,0.4,30.1,43,912.07,
2023-06-13,0.0,26.7,47,782.1,
2023-06-14,0.0,29.9,42,795.93,
2023-06-15,0.0,32.9,40,860.69,
2023-06-16,0.0,35.1,36,830.94,
2023-06-17,0.0,36.8,33,864.62,
2023-06-18,0.2,33.9,33,891.0,
2023-06-19,0.2,33.5,38,861.8,
2023-06-20,0.0,29.9,44,760.29,
2023-06-21,3.2,30.4,56,877.82,
2023-06-22,0.0,31.2,49,879.2,
2023-06-23,0.0,35.1,40,865.42,
2023-06-24,0.0,37.1,39,863.25,
2023-06-25,0.0,39.8,30,871.74,
2023-06-26,0.0,39.9,27,846.69,
2023-06-27,0.0,38.5,26,889.77,
2023-06-28,0.0,37.8,28,899.5,
2023-06-29,0.0,37.9,25,913.4,
2023-06-30,0.0,33.2,34,846.73,
2023-07-01,0.0,34.7,38,855.44,
2023-07-02,0.0,37.1,37,848.49,
2023-07-03,0.0,37.5,31,936.36,
2023-07-04,0.0,35.7,24,878.95,
2023-07-05,0.0,36.6,20,883.36,
2023-07-06,0.0,35.7,24,932.26,
2023-07-07,0.0,36.1,33,907.69,
2023-07-08,0.0,35.8,24,894.37,
2023-07-09,0.0,38.1,24,907.28,
2023-07-10,0.6,42.1,22,929.88,
2023-07-11,0.0,40.7,24,845.84,
2023-07-12,0.0,37.3,19,874.37,
2023-07-13,0.0,37.7,22,887.14,
2023-07-14,0.4,37.8,22,972.05,
2023-07-15,0.0,33.2,36,794.94,
2023-07-16,0.0,37.9,25,902.59,
2023-07-17,0.0,42.7,21,897.91,
2023-07-18,0.0,41.2,22,867.05,
2023-07-19,0.0,39.5,24,936.21,
2023-07-20,0.0,37.5,20,889.11,
2023-07-21,0.0,34.0,26,882.75,
2023-07-22,0.0,36.4,26,904.34,
2023-07-23,0.0,38.7,22,923.43,
2023-07-24,0.0,33.5,26,898.18,
2023-07-25,0.0,33.6,26,949.55,
2023-07-26,0.0,36.6,29,904.74,
2023-07-27,0.0,35.0,20,874.04,
2023-07-28,0.0,36.4,25,860.26,
2023-07-29,0.0,37.6,22,860.42,
2023-07-30,0.0,38.9,28,884.73,
2023-07-31,0.0,37.4,19,849.95,DÃ­a de la Pandorga
2023-08-01,0.0,37.4,21,871.42,
2023-08-02,0.0,36.0,33,903.1,
2023-08-03,0.0,34.2,40,901.29,
2023-08-04,0.0,30.7,26,897.2,
2023-08-05,0.0,34.7,23,897.42,
2023-08-06,0.0,39.3,22,918.32,
2023-08-07,0.0,39.4,37,849.08,
2023-08-08,0.0,41.5,35,889.28,
2023-08-09,0.0,42.3,24,889.1,
2023-08-10,0.0,39.0,20,876.4,
2023-08-11,0.0,40.7,17,860.74,
2023-08-12,0.0,39.4,20,879.89,
2023-08-13,0.0,39.1,31,867.02,
2023-08-14,0.0,37.1,20,878.58,
2023-08-15,0.0,38.3,19,904.24,Virgen del Prado
2023-08-16,0.0,37.3,21,871.88,Virgen del Prado
2023-08-17,0.0,36.7,24,930.28,Virgen del Prado
2023-08-18,0.0,35.3,24,909.48,Virgen del Prado
2023-08-19,0.0,37.7,24,833.07,Virgen del Prado
2023-08-20,0.0,39.5,25,824.44,Virgen del Prado
2023-08-21,0.0,40.8,31,869.27,Virgen del Prado
2023-08-22,0.0,40.4,26,897.25,Virgen del Prado
2023-08-23,0.0,39.7,24,919.72,
2023-08-24,0.0,40.2,24,888.41,
2023-08-25,0.1,39.6,23,910.95,
2023-08-26,0.1,35.0,27,880.87,
2023-08-27,0.0,26.2,32,794.38,
2023-08-28,0.0,29.4,31,745.12,
2023-08-29,0.0,30.8,32,872.12,
2023-08-30,0.0,30.7,33,858.63,
2023-08-31,0.0,34.3,31,832.67,
2023-09-01,0.0,34.2,28,846.72,
2023-09-02,15.2,28.3,41,760.84,
2023-09-03,32.4,20.0,91,727.33,
2023-09-04,0.0,27.6,60,705.13,
2023-09-05,0.0,29.3,50,657.53,
2023-09-06,0.0,30.9,54,785.61,
2023-09-07,0.0,31.0,54,806.52,
2023-09-08,0.0,32.3,46,818.91,
2023-09-09,3.0,28.5,53,765.36,
2023-09-10,0.0,32.2,49,757.14,
2023-09-11,0.0,27.7,52,717.96,
2023-09-12,0.0,28.9,46,713.98,
2023-09-13,0.0,30.9,51,793.75,
2023-09-14,20.6,30.7,69,837.78,
2023-09-15,3.4,25.0,82,719.61,
2023-09-16,0.0,24.9,61,647.71,
2023-09-17,8.4,20.5,79,738.15,
2023-09-18,0.0,22.3,67,652.14,
2023-09-19,0.0,25.3,60,721.37,
2023-09-20,0.0,26.7,56,711.6,
2023-09-21,2.0,23.1,74,699.84,
2023-09-22,0.0,21.1,60,644.79,
2023-09-23,0.0,24.3,50,664.57,
2023-09-24,0.0,28.3,47,749.32,
2023-09-25,0.0,30.3,47,761.05,
2023-09-26,0.0,30.4,49,805.63,
2023-09-27,0.0,30.7,47,806.53,
2023-09-28,0.0,31.7,43,771.33,
2023-09-29,0.0,32.0,41,813.62,
2023-09-30,0.0,33.0,42,800.53,
2023-10-01,0.0,33.2,37,784.56,
2023-10-02,0.0,33.2,36,810.36,
2023-10-03,0.0,32.6,39,803.87,
2023-10-04,0.0,32.0,49,820.47,
2023-10-05,0.0,32.7,41,797.71,
2023-10-06,0.0,32.4,36,814.3,Mancha CÃ³mic
2023-10-07,0.0,32.4,34,797.3,Mancha CÃ³mic
2023-10-08,0.0,31.9,39,816.24,Mancha CÃ³mic
2023-10-09,0.0,29.7,41,715.18,
2023-10-10,0.0,28.5,40,692.13,
2023-10-11,0.0,29.2,39,705.92,
2023-10-12,0.0,29.8,36,715.6,
2023-10-13,4.0,28.9,37,743.51,
2023-10-14,1.2,22.9,71,707.64,
2023-10-15,0.2,23.6,66,689.82,
2023-10-16,0.0,23.2,67,645.25,
2023-10-17,1.0,27.8,53,753.48,
2023-10-18,0.6,22.2,74,723.17,
2023-10-19,21.8,22.4,80,702.25,
2023-10-20,0.0,16.6,77,744.59,
2023-10-21,0.0,17.5,66,680.56,
2023-10-22,8.4,16.4,81,742.17,
2023-10-23,7.0,18.4,81,798.03,
2023-10-24,1.6,17.4,68,729.49,
2023-10-25,0.0,18.9,79,719.21,
2023-10-26,11.8,19.8,85,763.56,
2023-10-27,4.0,16.7,82,754.69,
2023-10-28,0.0,17.6,78,747.96,
2023-10-29,4.2,19.3,75,765.07,
2023-10-30,0.0,16.5,68,713.66,
2023-10-31,0.0,15.6,79,770.99,Halloween
2023-11-01,0.0,17.8,74,735.02,
2023-11-02,4.2,17.5,86,755.13,
2023-11-03,0.8,13.9,83,778.34,
2023-11-04,1.4,16.8,85,762.69,
2023-11-05,0.0,15.3,70,708.55,
2023-11-06,0.0,14.4,70,722.58,
2023-11-07,0.0,13.8,73,722.24,
2023-11-08,0.0,15.3,74,738.35,
2023-11-09,0.0,16.4,81,746.84,
2023-11-10,0.0,15.5,74,729.75,
2023-11-11,0.0,17.6,84,713.01,
2023-11-12,0.2,18.9,85,763.06,
2023-11-13,0.4,19.2,83,796.77,
2023-11-14,0.0,21.9,70,654.94,
2023-11-15,0.0,19.4,74,740.32,DÃ­a de la EnseÃ±anza
2023-11-16,0.0,20.4,79,708.5,
2023-11-17,0.0,17.4,88,663.39,
2023-11-18,0.0,18.3,81,726.78,
2023-11-19,0.0,20.2,75,678.84,
2023-11-20,0.0,20.8,70,660.21,
2023-11-21,0.0,15.0,65,707.36,
2023-11-22,0.0,14.7,58,700.02,
2023-11-23,0.0,13.1,62,737.29,
2023-11-24,0.0,17.1,57,678.77,
2023-11-25,0.0,17.8,64,699.24,
2023-11-26,0.0,17.8,64,698.98,
2023-11-27,0.0,12.7,81,701.86,
2023-11-28,0.6,13.1,92,712.47,
2023-11-29,0.8,15.4,92,808.58,
2023-11-30,31.2,17.4,87,748.27,
2023-12-01,0.8,15.5,79,850.2,
2023-12-02,0.0,8.4,84,934.75,
2023-12-03,3.2,8.9,87,1036.72,
2023-12-04,0.4,10.4,94,851.62,
2023-12-05,0.0,9.6,87,1008.59,
2023-12-06,0.0,11.5,82,857.89,
2023-12-07,1.6,14.8,85,871.32,
2023-12-08,0.0,13.9,78,870.51,
2023-12-09,0.0,13.4,91,855.72,
2023-12-10,0.0,14.3,88,868.44,
2023-12-11,0.0,15.0,81,837.14,
2023-12-12,0.9,17.9,78,860.65,
2023-12-13,0.0,13.5,74,858.74,
2023-12-14,0.0,12.7,70,756.87,
2023-12-15,0.0,13.1,75,855.38,
2023-12-16,0.0,11.2,81,877.24,
2023-12-17,0.0,11.1,77,857.7,
2023-12-18,0.0,11.7,73,811.22,
2023-12-19,0.0,14.2,69,779.84,
2023-12-20,0.0,11.9,77,816.06,
2023-12-21,0.0,13.6,68,818.3,
2023-12-22,0.0,14.9,71,824.14,
2023-12-23,0.0,14.5,72,814.49,
2023-12-24,0.0,14.7,73,852.98,
2023-12-25,0.0,13.0,82,864.01,Navidad
2023-12-26,0.0,4.1,97,996.92,
2023-12-27,0.0,4.0,98,989.57,
2023-12-28,0.0,10.8,90,852.13,
2023-12-29,0.0,8.8,87,1041.15,
2023-12-30,0.0,13.6,79,818.68,
2023-12-31,0.0,12.2,82,884.01,AÃ±o Nuevo
2024-01-01,0.0,12.5,73,872.09,AÃ±o Nuevo
2024-01-02,0.0,15.1,81,842.55,
2024-01-03,1.6,13.0,90,848.53,
2024-01-04,6.8,13.7,92,876.54,
2024-01-05,0.0,10.4,78,869.22,Cabalgata de Reyes Magos
2024-01-06,0.0,11.1,75,833.61,
2024-01-07,0.0,11.0,68,800.61,
2024-01-08,1.6,10.7,69,860.76,
2024-01-09,1.8,9.7,85,1050.0,
2024-01-10,0.0,8.4,90,957.91,
2024-01-11,0.0,10.7,79,883.28,
2024-01-12,0.0,10.1,82,828.76,
2024-01-13,0.0,11.6,84,805.63,
2024-01-14,0.0,18.7,75,845.21,
2024-01-15,3.0,14.8,94,881.17,
2024-01-16,10.0,16.9,73,822.28,San AntÃ³n
2024-01-17,8.4,14.8,85,860.04,San AntÃ³n
2024-01-18,15.6,16.0,88,876.0,
2024-01-19,7.4,13.6,90,900.24,
2024-01-20,0.0,8.2,88,924.7,
2024-01-21,0.0,11.5,83,789.62,
2024-01-22,0.0,14.7,82,792.54,
2024-01-23,0.0,15.6,86,829.45,
2024-01-24,0.0,15.1,92,833.26,
2024-01-25,0.0,18.1,86,778.78,
2024-01-26,0.0,17.0,84,785.07,
2024-01-27,0.0,17.3,80,834.86,
2024-01-28,0.0,17.1,78,877.49,
2024-01-29,0.0,13.3,88,868.9,
2024-01-30,0.0,12.1,88,803.37,
2024-01-31,0.0,13.4,82,833.09,
2024-02-01,0.0,15.8,73,891.12,
2024-02-02,0.0,16.0,70,788.86,
2024-02-03,0.0,15.8,70,825.5,
2024-02-04,0.0,16.2,67,792.09,
2024-02-05,0.0,18.0,67,803.73,
2024-02-06,0.0,16.7,68,814.53,
2024-02-07,0.0,13.6,85,852.03,
2024-02-08,9.2,15.9,70,843.08,
2024-02-09,12.0,11.9,94,870.03,
2024-02-10,0.0,12.1,80,888.63,
2024-02-11,8.8,8.0,90,987.83,
2024-02-12,0.0,17.0,78,829.25,
2024-02-13,0.0,19.0,80,809.98,
2024-02-14,0.0,18.8,85,841.3,
2024-02-15,2.2,14.6,89,847.5,
2024-02-16,0.0,17.1,72,838.23,
2024-02-17,0.0,16.8,62,805.56,
2024-02-18,0.0,18.2,62,785.26,
2024-02-19,0.0,19.5,67,764.3,
2024-02-20,0.0,20.3,60,731.42,
2024-02-21,0.0,21.6,57,733.65,
2024-02-22,0.2,15.4,75,866.1,
2024-02-23,4.0,11.9,76,876.77,
2024-02-24,0.0,12.2,65,807.49,
2024-02-25,9.0,13.7,83,837.27,
2024-02-26,0.8,12.5,70,854.51,
2024-02-27,0.0,12.4,49,771.56,
2024-02-28,0.0,16.0,53,839.3,
2024-02-29,0.0,16.6,66,779.44,
2024-03-01,0.0,14.1,57,711.33,Carnaval
2024-03-02,9.6,12.2,77,739.6,Carnaval
2024-03-03,0.6,11.5,69,703.98,Carnaval
2024-03-04,0.0,14.3,83,767.19,Carnaval
2024-03-05,0.0,14.2,67,699.32,Carnaval
2024-03-06,0.0,16.9,61,709.33,Carnaval
2024-03-07,10.4,14.1,78,762.78,Carnaval
2024-03-08,16.2,11.0,77,779.75,Carnaval
2024-03-09,6.2,9.5,92,939.95,Carnaval
2024-03-10,0.2,12.7,77,785.66,
2024-03-11,0.0,15.1,65,734.81,
2024-03-12,0.0,17.1,65,689.79,
2024-03-13,0.0,20.5,60,658.14,
2024-03-14,0.0,18.1,65,684.66,
2024-03-15,0.0,21.4,66,664.9,
2024-03-16,0.0,23.1,67,637.67,
2024-03-17,0.0,24.9,62,602.18,
2024-03-18,0.0,23.1,61,668.87,
2024-03-19,0.0,26.8,52,685.46,
2024-03-20,0.4,22.5,61,652.53,
2024-03-21,0.0,22.0,63,637.86,
2024-03-22,0.0,28.5,42,684.75,
2024-03-23,0.0,23.9,43,642.61,
2024-03-24,0.6,21.9,56,653.89,Semana Santa
2024-03-25,4.6,14.6,90,751.5,Semana Santa
2024-03-26,3.2,11.3,68,735.53,Semana Santa
2024-03-27,25.4,14.8,85,790.17,Semana Santa
2024-03-28,4.4,15.1,92,764.7,Semana Santa
2024-03-29,10.2,12.9,85,746.63,Semana Santa
2024-03-30,28.4,10.9,88,775.8,Semana Santa
2024-03-31,9.6,9.1,93,910.45,Semana Santa
2024-04-01,0.0,15.4,72,735.21,
2024-04-02,0.0,18.4,62,696.61,
2024-04-03,0.2,19.7,64,761.02,
2024-04-04,0.0,24.0,61,685.46,
2024-04-05,0.0,28.0,52,747.54,
2024-04-06,0.0,28.2,49,682.93,
2024-04-07,0.0,24.6,56,652.89,
2024-04-08,0.8,20.8,67,656.78,
2024-04-09,0.0,18.2,41,709.5,
2024-04-10,0.0,21.2,46,645.02,
2024-04-11,0.0,23.9,47,630.62,
2024-04-12,0.0,25.2,40,714.93,
2024-04-13,0.0,27.5,41,681.22,
2024-04-14,0.0,27.4,36,705.09,
2024-04-15,0.0,28.9,50,719.71,
2024-04-16,0.0,28.1,47,686.1,
2024-04-17,0.0,25.2,44,702.66,
2024-04-18,0.0,25.7,42,729.72,
2024-04-19,0.0,24.8,51,622.82,
2024-04-20,0.0,25.8,43,711.04,
2024-04-21,0.0,25.2,51,681.52,
2024-04-22,0.0,21.5,30,634.1,
2024-04-23,0.0,18.5,34,672.39,
2024-04-24,0.0,20.4,37,666.45,
2024-04-25,0.0,21.7,46,614.25,
2024-04-26,1.8,17.6,58,713.62,
2024-04-27,0.8,17.2,66,745.64,
2024-04-28,0.0,18.1,54,699.96,
2024-04-29,0.2,19.7,55,693.87,
2024-04-30,2.2,19.3,53,733.02,
2024-05-01,0.2,16.7,56,700.69,
2024-05-02,0.0,17.5,51,704.72,
2024-05-03,0.0,21.1,46,670.38,
2024-05-04,0.0,26.0,42,679.12,
2024-05-05,0.0,23.0,56,642.08,
2024-05-06,0.0,23.0,53,647.18,
2024-05-07,0.0,26.0,36,717.05,
2024-05-08,0.0,27.0,30,695.42,
2024-05-09,0.0,29.7,37,681.01,
2024-05-10,0.0,31.8,34,812.05,
2024-05-11,0.0,31.0,29,787.17,
2024-05-12,0.0,30.3,36,764.04,
2024-05-13,0.0,29.7,35,682.67,
2024-05-14,0.0,22.1,44,646.88,
2024-05-15,0.0,20.8,45,675.9,
2024-05-16,0.0,20.9,47,703.64,
2024-05-17,0.0,21.9,48,656.71,
2024-05-18,0.0,24.8,37,682.18,
2024-05-19,0.0,23.8,38,634.89,
2024-05-20,0.0,24.4,39,664.48,
2024-05-21,0.0,23.0,40,664.22,
2024-05-22,0.0,24.9,40,651.18,
2024-05-23,0.0,27.1,34,712.54,
2024-05-24,0.0,30.7,30,805.41,
2024-05-25,0.0,32.2,33,796.99,
2024-05-26,0.0,32.1,26,835.12,
2024-05-27,0.0,32.2,29,783.79,
2024-05-28,0.0,33.8,34,798.65,
2024-05-29,0.0,35.8,30,797.17,
2024-05-30,0.0,36.6,25,831.83,Corpus Christi
2024-05-31,0.0,35.0,32,815.57,
2024-06-01,0.0,32.6,43,925.07,
2024-06-02,0.0,31.6,38,877.62,
2024-06-03,0.0,32.2,47,855.39,
2024-06-04,0.0,32.8,41,888.05,
2024-06-05,0.0,35.8,28,917.06,
2024-06-06,0.0,37.8,26,867.96,
2024-06-07,0.2,36.3,31,948.67,
2024-06-08,4.2,26.9,58,782.86,
2024-06-09,0.0,24.8,55,711.39,
2024-06-10,9.6,24.4,64,727.73,
2024-06-11,0.0,28.5,44,809.19,
2024-06-12,0.4,28.4,48,826.47,
2024-06-13,0.0,31.5,39,853.33,
2024-06-14,0.0,33.4,29,884.56,
2024-06-15,0.0,30.8,31,861.35,
2024-06-16,0.0,31.8,25,903.47,
2024-06-17,0.0,33.2,29,902.97,
2024-06-18,0.0,30.1,42,881.69,
2024-06-19,0.0,26.5,54,789.73,
2024-06-20,0.0,24.5,48,689.65,
2024-06-21,0.0,31.1,36,895.23,
2024-06-22,0.0,34.4,28,855.28,
2024-06-23,0.0,34.2,32,826.19,
2024-06-24,0.0,35.9,38,856.81,
2024-06-25,0.0,36.9,36,860.44,
2024-06-26,3.8,30.0,53,792.25,
2024-06-27,0.0,32.0,55,871.31,
2024-06-28,0.2,25.7,58,800.51,
2024-06-29,0.0,25.4,61,757.83,
2024-06-30,0.0,29.1,49,736.32,
2024-07-01,0.0,32.3,37,866.74,
2024-07-02,0.0,34.9,31,860.08,
2024-07-03,0.0,37.4,24,913.65,
2024-07-04,0.0,40.3,20,941.43,
2024-07-05,0.0,40.1,24,890.86,
2024-07-06,0.0,33.3,33,872.94,
2024-07-07,0.0,33.0,26,894.82,
2024-07-08,0.0,34.7,17,877.22,
2024-07-09,0.0,35.7,20,902.89,
2024-07-10,0.0,37.4,31,840.4,
2024-07-11,0.0,38.1,28,877.26,
2024-07-12,0.0,35.9,23,861.89,
2024-07-13,0.0,36.2,19,881.71,
2024-07-14,0.0,35.4,17,939.97,
2024-07-15,0.0,33.5,36,868.45,
2024-07-16,0.0,36.0,24,911.37,
2024-07-17,0.0,39.1,29,810.87,
2024-07-18,0.0,38.5,20,880.5,
2024-07-19,0.0,40.5,21,913.55,
2024-07-20,0.0,37.6,21,863.19,
2024-07-21,0.0,36.0,33,854.64,
2024-07-22,0.0,37.3,32,851.3,
2024-07-23,0.0,40.5,30,840.32,
2024-07-24,0.0,42.2,18,856.77,
2024-07-25,0.0,40.7,18,876.31,
2024-07-26,0.0,39.4,23,869.99,
2024-07-27,0.0,40.0,20,879.71,
2024-07-28,0.0,40.4,26,886.19,
2024-07-29,0.0,38.5,39,897.49,
2024-07-30,0.0,40.5,27,925.09,
2024-07-31,0.0,39.7,23,933.67,DÃ­a de la Pandorga
2024-08-01,0.0,39.8,22,915.16,
2024-08-02,0.0,36.0,28,915.23,
2024-08-03,0.0,38.7,24,858.94,
2024-08-04,0.0,40.4,25,879.29,
2024-08-05,0.0,39.8,19,882.86,
2024-08-06,0.0,39.8,19,873.22,
2024-08-07,0.0,39.7,19,870.77,
2024-08-08,0.0,40.1,21,881.74,
2024-08-09,0.0,40.5,23,918.21,
2024-08-10,0.0,39.8,22,858.94,
2024-08-11,0.0,40.0,21,867.5,
2024-08-12,0.0,37.8,29,873.11,
2024-08-13,0.0,31.1,31,855.44,
2024-08-14,0.0,32.6,32,878.73,
2024-08-15,0.0,33.0,29,904.67,Virgen del Prado
2024-08-16,0.0,34.9,35,879.11,Virgen del Prado
2024-08-17,0.0,38.0,26,919.56,Virgen del Prado
2024-08-18,0.0,38.0,26,814.66,Virgen del Prado
2024-08-19,0.0,37.3,32,888.51,Virgen del Prado
2024-08-20,0.0,38.4,35,911.96,Virgen del Prado
2024-08-21,1.6,38.0,38,884.46,Virgen del Prado
2024-08-22,0.0,36.5,33,841.33,Virgen del Prado
2024-08-23,0.0,37.8,28,900.11,
2024-08-24,0.0,36.8,35,869.12,
2024-08-25,0.0,37.7,27,815.29,
2024-08-26,0.0,36.2,41,866.93,
2024-08-27,0.0,36.3,25,856.18,
2024-08-28,0.2,37.5,29,903.81,
2024-08-29,0.2,32.5,51,922.83,
2024-08-30,8.8,33.3,62,886.22,
2024-08-31,0.0,33.6,49,867.76,
2024-09-01,0.0,32.5,40,816.78,
2024-09-02,0.0,33.4,35,791.83,
2024-09-03,0.0,32.6,38,833.82,
2024-09-04,0.0,31.5,31,814.7,
2024-09-05,0.0,31.8,39,793.56,
2024-09-06,0.0,29.0,32,695.67,
2024-09-07,0.0,29.1,26,693.23,
2024-09-08,0.0,28.9,32,722.82,
2024-09-09,0.0,30.2,31,791.56,
2024-09-10,0.0,31.9,28,809.19,
2024-09-11,0.0,31.9,38,783.32,
2024-09-12,0.0,30.9,30,827.68,
2024-09-13,0.0,27.2,35,696.38,
2024-09-14,0.0,28.9,45,690.47,
2024-09-15,0.0,30.6,38,822.65,
2024-09-16,0.0,31.9,20,821.04,
2024-09-17,0.0,28.2,31,737.72,
2024-09-18,0.0,27.9,50,670.93,
2024-09-19,9.0,23.1,78,760.18,
2024-09-20,0.0,25.0,67,648.78,
2024-09-21,0.0,25.6,53,721.44,
2024-09-22,0.0,25.8,52,677.67,
2024-09-23,0.0,25.1,48,739.69,
2024-09-24,0.0,20.7,44,646.65,
2024-09-25,0.0,24.4,68,628.39,
2024-09-26,6.2,27.4,68,747.56,
2024-09-27,0.0,21.6,59,660.68,
2024-09-28,0.0,21.8,36,680.91,
2024-09-29,0.0,25.6,41,683.15,
2024-09-30,0.0,28.2,36,684.4,
2024-10-01,0.0,28.1,37,695.26,
2024-10-02,0.0,24.8,65,618.39,
2024-10-03,0.0,25.6,62,699.97,
2024-10-04,0.0,25.2,59,701.33,
2024-10-05,0.0,24.6,66,640.11,
2024-10-06,0.0,27.6,56,714.31,Mancha CÃ³mic
2024-10-07,1.6,27.6,66,736.69,Mancha CÃ³mic
2024-10-08,0.0,21.3,65,608.72,Mancha CÃ³mic
2024-10-09,2.2,21.9,78,751.41,
2024-10-10,0.0,19.6,63,681.98,
2024-10-11,45.6,21.5,63,702.95,
2024-10-12,15.4,16.9,98,778.98,
2024-10-13,0.0,20.0,93,677.84,
2024-10-14,1.0,22.5,89,757.3,
2024-10-15,9.6,18.6,90,726.02,
2024-10-16,26.0,21.9,92,731.61,
2024-10-17,0.0,17.6,76,732.93,
2024-10-18,0.0,18.4,73,716.86,
2024-10-19,0.0,21.0,75,673.86,
2024-10-20,0.0,22.0,74,702.42,
2024-10-21,0.0,23.4,71,665.7,
2024-10-22,0.0,23.2,72,710.92,
2024-10-23,0.0,23.0,72,670.9,
2024-10-24,0.0,22.5,71,720.4,
2024-10-25,1.0,19.9,75,736.23,
2024-10-26,3.0,12.2,87,729.56,
2024-10-27,2.4,12.4,88,736.51,
2024-10-28,9.2,17.2,82,796.1,
2024-10-29,17.8,17.0,89,783.48,
2024-10-30,0.0,18.2,84,703.27,
2024-10-31,0.4,18.0,81,778.37,Halloween
2024-11-01,0.0,20.8,72,687.88,
2024-11-02,0.0,18.3,82,755.82,
2024-11-03,0.0,20.8,77,702.26,
2024-11-04,0.2,20.3,72,729.46,
2024-11-05,0.0,20.9,73,673.67,
2024-11-06,0.0,20.4,79,682.79,
2024-11-07,0.0,19.1,79,726.47,
2024-11-08,0.0,16.4,90,754.95,
2024-11-09,0.0,19.6,77,755.1,
2024-11-10,0.0,18.8,73,750.5,
2024-11-11,0.0,17.7,70,720.3,
2024-11-12,0.0,15.8,67,696.29,
2024-11-13,9.0,8.7,93,940.53,
2024-11-14,0.0,18.1,83,709.9,
2024-11-15,0.0,19.1,80,767.68,DÃ­a de la EnseÃ±anza
2024-11-16,0.0,15.6,88,765.62,
2024-11-17,0.4,16.5,89,767.06,
2024-11-18,0.0,19.3,78,724.6,
2024-11-19,0.0,18.7,82,730.32,
2024-11-20,0.0,15.2,78,763.18,
2024-11-21,0.0,13.2,82,719.54,
2024-11-22,0.2,14.0,91,776.16,
2024-11-23,0.0,19.0,77,731.95,
2024-11-24,0.0,16.9,80,724.88,
2024-11-25,8.4,19.5,78,791.12,
2024-11-26,0.0,12.7,85,740.02,
2024-11-27,0.0,14.6,80,719.8,
2024-11-28,0.0,12.7,90,767.07,
2024-11-29,0.0,17.4,86,706.61,
2024-11-30,0.0,18.9,78,698.26,
2024-12-01,0.0,17.0,85,830.32,
2024-12-02,0.0,16.2,83,850.68,
2024-12-03,0.0,13.4,91,857.59,
2024-12-04,0.0,15.6,74,853.22,
2024-12-05,0.0,17.4,77,844.25,
2024-12-06,0.0,16.4,79,815.66,
2024-12-07,0.0,14.0,90,819.11,
2024-12-08,0.0,12.6,58,778.16,
2024-12-09,0.0,10.5,56,783.59,
2024-12-10,0.0,10.4,67,844.54,
2024-12-11,0.0,9.2,71,968.53,
2024-12-12,0.0,10.0,78,850.68,
2024-12-13,0.0,12.5,78,820.03,
2024-12-14,0.0,10.7,81,825.39,
2024-12-15,0.0,9.7,73,998.52,
2024-12-16,0.0,10.9,73,870.73,
2024-12-17,0.0,11.6,77,827.96,
2024-12-18,0.0,15.3,76,836.44,
2024-12-19,0.2,14.2,79,827.68,
2024-12-20,0.0,10.8,70,795.62,
2024-12-21,0.0,11.1,70,798.28,
2024-12-22,0.0,15.0,69,797.55,
2024-12-23,0.0,12.9,60,785.54,
2024-12-24,0.0,13.8,68,766.68,
2024-12-25,0.0,14.6,78,864.71,Navidad
2024-12-26,0.0,8.8,96,943.21,
2024-12-27,0.0,12.1,84,837.76,
2024-12-28,0.0,10.6,81,811.86,
2024-12-29,0.0,10.1,82,836.76,
2024-12-30,0.0,7.9,90,945.04,
2024-12-31,0.0,5.9,98,1003.34,AÃ±o Nuevo
2025-01-01,0.0,10.8,92,838.39,AÃ±o Nuevo
